fips,CO_Fips,names,co_name,state_abrv,co_state,yield_bpa,land_limits_acre,land_cost_dpa
17001,1,Adams County,Adams,IL,Adams_IL,168.1,133000,6506
17003,3,Alexander County,Alexander,IL,Alexander_IL,144.2,3500,3423
17005,5,Bond County,Bond,IL,Bond_IL,183.8,62000,6874
17007,7,Boone County,Boone,IL,Boone_IL,179,64700,7811
17009,9,Brown County,Brown,IL,Brown_IL,165.5,5000,5598
17011,11,Bureau County,Bureau,IL,Bureau_IL,179.9,213500,8219
17013,13,Calhoun County,Calhoun,IL,Calhoun_IL,170.9,18500,4189
17015,15,Carroll County,Carroll,IL,Carroll_IL,206.1,133000,8039
17017,17,Cass County,Cass,IL,Cass_IL,205.6,81600,6398
17019,19,Champaign County,Champaign,IL,Champaign_IL,180.8,275000,9317
17021,21,Christian County,Christian,IL,Christian_IL,198.7,195000,8638
17023,23,Clark County,Clark,IL,Clark_IL,165.5,5000,5708
17025,25,Clay County,Clay,IL,Clay_IL,140.5,65500,5121
17027,27,Clinton County,Clinton,IL,Clinton_IL,181.9,87100,6928
17029,29,Coles County,Coles,IL,Coles_IL,184,118500,7875
17031,31,Cook County,Cook,IL,Cook_IL,174,1000,20635
17033,33,Crawford County,Crawford,IL,Crawford_IL,146.3,78000,5254
17035,35,Cumberland County,Cumberland,IL,Cumberland_IL,161.6,66200,6344
17037,37,DeKalb County,DeKalb,IL,DeKalb_IL,188.8,157000,9420
17039,39,De Witt County,DeWitt,IL,DeWitt_IL,165.5,5000,8387
17041,41,Douglas County,Douglas,IL,Douglas_IL,193.6,115500,9071
17043,43,DuPage County,DuPage,IL,DuPage_IL,165.5,5000,16807
17045,45,Edgar County,Edgar,IL,Edgar_IL,165.5,5000,7425
17047,47,Edwards County,Edwards,IL,Edwards_IL,165.5,5000,5372
17049,49,Effingham County,Effingham,IL,Effingham_IL,173.9,82600,6603
17051,51,Fayette County,Fayette,IL,Fayette_IL,166.2,98900,5398
17053,53,Ford County,Ford,IL,Ford_IL,168.6,137500,7769
17055,55,Franklin County,Franklin,IL,Franklin_IL,135.6,26300,4460
17057,57,Fulton County,Fulton,IL,Fulton_IL,175.8,129500,6193
17059,59,Gallatin County,Gallatin,IL,Gallatin_IL,166.4,64500,5307
17061,61,Greene County,Greene,IL,Greene_IL,191.7,106500,6184
17063,63,Grundy County,Grundy,IL,Grundy_IL,164,85700,8868
17065,65,Hamilton County,Hamilton,IL,Hamilton_IL,165.5,5000,4810
17067,67,Hancock County,Hancock,IL,Hancock_IL,165.5,5000,7091
17069,69,Hardin County,Hardin,IL,Hardin_IL,165.5,5000,3281
17071,71,Henderson County,Henderson,IL,Henderson_IL,193.2,91500,6961
17073,73,Henry County,Henry,IL,Henry_IL,187,197000,7902
17075,75,Iroquois County,Iroquois,IL,Iroquois_IL,152.6,306000,7348
17077,77,Jackson County,Jackson,IL,Jackson_IL,150.7,27300,5386
17079,79,Jasper County,Jasper,IL,Jasper_IL,174,98500,5634
17081,81,Jefferson County,Jefferson,IL,Jefferson_IL,129.3,30400,4158
17083,83,Jersey County,Jersey,IL,Jersey_IL,183.5,58300,6330
17085,85,Jo Daviess County,JoDaviess,IL,JoDaviess_IL,188.9,102000,6110
17087,87,Johnson County,Johnson,IL,Johnson_IL,165.5,5000,3701
17089,89,Kane County,Kane,IL,Kane_IL,175.8,56300,10558
17091,91,Kankakee County,Kankakee,IL,Kankakee_IL,165.5,5000,7822
17093,93,Kendall County,Kendall,IL,Kendall_IL,192.2,60200,9059
17095,95,Knox County,Knox,IL,Knox_IL,196.2,155500,7319
17097,97,Lake County,Lake,IL,Lake_IL,129,4900,12149
17099,99,LaSalle County,LaSalle,IL,LaSalle_IL,175.8,250000,9125
17101,101,Lawrence County,Lawrence,IL,Lawrence_IL,155.2,70900,5650
17103,103,Lee County,Lee,IL,Lee_IL,181.4,211500,8668
17105,105,Livingston County,Livingston,IL,Livingston_IL,178.8,267500,8230
17107,107,Logan County,Logan,IL,Logan_IL,194.2,181500,8380
17109,109,McDonough County,McDonough,IL,McDonough_IL,188.8,136000,7334
17111,111,McHenry County,McHenry,IL,McHenry_IL,165.5,5000,9541
17113,113,McLean County,McLean,IL,McLean_IL,198.8,325000,9844
17115,115,Macon County,Macon,IL,Macon_IL,204.4,148000,9250
17117,117,Macoupin County,Macoupin,IL,Macoupin_IL,183,182500,7195
17119,119,Madison County,Madison,IL,Madison_IL,198.3,99200,8706
17121,121,Marion County,Marion,IL,Marion_IL,153.1,65600,4885
17123,123,Marshall County,Marshall,IL,Marshall_IL,184.9,97300,8075
17125,125,Mason County,Mason,IL,Mason_IL,169,128000,6983
17127,127,Massac County,Massac,IL,Massac_IL,155.6,22600,3871
17129,129,Menard County,Menard,IL,Menard_IL,165.5,5000,7807
17131,131,Mercer County,Mercer,IL,Mercer_IL,188.1,138500,6551
17133,133,Monroe County,Monroe,IL,Monroe_IL,153.8,37100,6659
17135,135,Montgomery County,Montgomery,IL,Montgomery_IL,187.7,153000,7276
17137,137,Morgan County,Morgan,IL,Morgan_IL,205.8,132500,8247
17139,139,Moultrie County,Moultrie,IL,Moultrie_IL,189.4,87600,8737
17141,141,Ogle County,Ogle,IL,Ogle_IL,191.2,210000,8599
17143,143,Peoria County,Peoria,IL,Peoria_IL,193.4,100500,7892
17145,145,Perry County,Perry,IL,Perry_IL,165.5,5000,4782
17147,147,Piatt County,Piatt,IL,Piatt_IL,199.7,132500,9260
17149,149,Pike County,Pike,IL,Pike_IL,165.5,5000,5916
17151,151,Pope County,Pope,IL,Pope_IL,165.5,5000,3491
17153,153,Pulaski County,Pulaski,IL,Pulaski_IL,180.1,13800,4103
17155,155,Putnam County,Putnam,IL,Putnam_IL,165.5,5000,8372
17157,157,Randolph County,Randolph,IL,Randolph_IL,144.4,54200,5423
17159,159,Richland County,Richland,IL,Richland_IL,165.5,5000,5280
17161,161,Rock Island County,RockIsland,IL,RockIsland_IL,165.5,5000,6965
17163,163,St. Clair County,St.Clair,IL,St.Clair_IL,184.4,85900,7417
17165,165,Saline County,Saline,IL,Saline_IL,165.5,5000,4824
17167,167,Sangamon County,Sangamon,IL,Sangamon_IL,206.3,224000,8931
17169,169,Schuyler County,Schuyler,IL,Schuyler_IL,163.1,55800,5484
17171,171,Scott County,Scott,IL,Scott_IL,165.5,5000,6498
17173,173,Shelby County,Shelby,IL,Shelby_IL,174.9,167500,7047
17175,175,Stark County,Stark,IL,Stark_IL,202.9,91000,8314
17177,177,Stephenson County,Stephenson,IL,Stephenson_IL,195.6,166000,8424
17179,179,Tazewell County,Tazewell,IL,Tazewell_IL,205.6,141000,8272
17181,181,Union County,Union,IL,Union_IL,130.9,8400,4248
17183,183,Vermilion County,Vermilion,IL,Vermilion_IL,165.5,5000,8203
17185,185,Wabash County,Wabash,IL,Wabash_IL,156.2,44500,5533
17187,187,Warren County,Warren,IL,Warren_IL,194.1,154500,8092
17189,189,Washington County,Washington,IL,Washington_IL,167.4,86600,6422
17191,191,Wayne County,Wayne,IL,Wayne_IL,165.5,5000,4764
17193,193,White County,White,IL,White_IL,171.9,74800,4983
17195,195,Whiteside County,Whiteside,IL,Whiteside_IL,192,192000,7892
17197,197,Will County,Will,IL,Will_IL,165.5,5000,8888
17199,199,Williamson County,Williamson,IL,Williamson_IL,145.4,15100,3953
17201,201,Winnebago County,Winnebago,IL,Winnebago_IL,191.8,83000,7137
17203,203,Woodford County,Woodford,IL,Woodford_IL,183.6,122000,8972
18001,1,Adams County,Adams,IN,Adams_IN,170.1,40000,8274
18003,3,Allen County,Allen,IN,Allen_IN,181.4,53000,7950
18005,5,Bartholomew County,Bartholomew,IN,Bartholomew_IN,90.5,5000,6688
18007,7,Benton County,Benton,IN,Benton_IN,186,123000,7734
18009,9,Blackford County,Blackford,IN,Blackford_IN,90.5,5000,6605
18011,11,Boone County,Boone,IN,Boone_IN,177.4,72000,7621
18013,13,Brown County,Brown,IN,Brown_IN,90.5,5000,4390
18015,15,Carroll County,Carroll,IN,Carroll_IN,194.6,93000,7539
18017,17,Cass County,Cass,IN,Cass_IN,90.5,5000,6243
18019,19,Clark County,Clark,IN,Clark_IN,132.5,16300,5515
18021,21,Clay County,Clay,IN,Clay_IN,90.5,5000,5100
18023,23,Clinton County,Clinton,IN,Clinton_IN,90.5,5000,7169
18025,25,Crawford County,Crawford,IN,Crawford_IN,126.4,5600,3094
18027,27,Daviess County,Daviess,IN,Daviess_IN,168.4,84000,7620
18029,29,Dearborn County,Dearborn,IN,Dearborn_IN,129.4,5400,4861
18031,31,Decatur County,Decatur,IN,Decatur_IN,180,72000,7083
18033,33,DeKalb County,DeKalb,IN,DeKalb_IN,168.3,34000,5547
18035,35,Delaware County,Delaware,IN,Delaware_IN,157.6,52000,6633
18037,37,Dubois County,Dubois,IN,Dubois_IN,163.6,54500,5455
18039,39,Elkhart County,Elkhart,IN,Elkhart_IN,154.7,50000,11178
18041,41,Fayette County,Fayette,IN,Fayette_IN,177.3,35000,5656
18043,43,Floyd County,Floyd,IN,Floyd_IN,146.4,2900,5456
18045,45,Fountain County,Fountain,IN,Fountain_IN,90.5,5000,6732
18047,47,Franklin County,Franklin,IN,Franklin_IN,152.4,34700,5670
18049,49,Fulton County,Fulton,IN,Fulton_IN,172.6,87000,6312
18051,51,Gibson County,Gibson,IN,Gibson_IN,179,86000,6484
18053,53,Grant County,Grant,IN,Grant_IN,90.5,5000,7059
18055,55,Greene County,Greene,IN,Greene_IN,133.8,42000,4952
18057,57,Hamilton County,Hamilton,IN,Hamilton_IN,156.7,40000,8750
18059,59,Hancock County,Hancock,IN,Hancock_IN,138.2,47000,7543
18061,61,Harrison County,Harrison,IN,Harrison_IN,133.9,23000,4575
18063,63,Hendricks County,Hendricks,IN,Hendricks_IN,176.1,59000,7638
18065,65,Henry County,Henry,IN,Henry_IN,90.5,5000,5987
18067,67,Howard County,Howard,IN,Howard_IN,185.6,56000,7765
18069,69,Huntington County,Huntington,IN,Huntington_IN,181,48000,6854
18071,71,Jackson County,Jackson,IN,Jackson_IN,90.5,5000,5295
18073,73,Jasper County,Jasper,IN,Jasper_IN,90.5,5000,6456
18075,75,Jay County,Jay,IN,Jay_IN,164.9,53000,7585
18077,77,Jefferson County,Jefferson,IN,Jefferson_IN,123.6,22000,4141
18079,79,Jennings County,Jennings,IN,Jennings_IN,135.4,21500,4564
18081,81,Johnson County,Johnson,IN,Johnson_IN,169.2,38500,6745
18083,83,Knox County,Knox,IN,Knox_IN,90.5,5000,6224
18085,85,Kosciusko County,Kosciusko,IN,Kosciusko_IN,173.7,104000,7120
18087,87,LaGrange County,LaGrange,IN,LaGrange_IN,133.3,45000,9249
18089,89,Lake County,Lake,IN,Lake_IN,90.5,5000,6966
18091,91,LaPorte County,LaPorte,IN,LaPorte_IN,148.1,107000,7355
18093,93,Lawrence County,Lawrence,IN,Lawrence_IN,130.5,18300,3716
18095,95,Madison County,Madison,IN,Madison_IN,158.9,63000,8108
18097,97,Marion County,Marion,IN,Marion_IN,144.2,4500,10564
18099,99,Marshall County,Marshall,IN,Marshall_IN,157.1,87000,6259
18101,101,Martin County,Martin,IN,Martin_IN,90.5,5000,3886
18103,103,Miami County,Miami,IN,Miami_IN,90.5,5000,6750
18105,105,Monroe County,Monroe,IN,Monroe_IN,134,4900,6569
18107,107,Montgomery County,Montgomery,IN,Montgomery_IN,189.9,110000,6984
18109,109,Morgan County,Morgan,IN,Morgan_IN,90.5,5000,6289
18111,111,Newton County,Newton,IN,Newton_IN,182.4,97000,6733
18113,113,Noble County,Noble,IN,Noble_IN,179.5,62000,6394
18115,115,Ohio County,Ohio,IN,Ohio_IN,136.2,3000,4368
18117,117,Orange County,Orange,IN,Orange_IN,152.6,21200,4489
18119,119,Owen County,Owen,IN,Owen_IN,90.5,5000,4543
18121,121,Parke County,Parke,IN,Parke_IN,178.8,60000,5840
18123,123,Perry County,Perry,IN,Perry_IN,90.5,5000,4013
18125,125,Pike County,Pike,IN,Pike_IN,90.5,5000,4931
18127,127,Porter County,Porter,IN,Porter_IN,181.2,51000,6766
18129,129,Posey County,Posey,IN,Posey_IN,176.6,78000,6073
18131,131,Pulaski County,Pulaski,IN,Pulaski_IN,161,99000,6150
18133,133,Putnam County,Putnam,IN,Putnam_IN,179.1,70000,6435
18135,135,Randolph County,Randolph,IN,Randolph_IN,170.5,84000,6417
18137,137,Ripley County,Ripley,IN,Ripley_IN,90.5,5000,5163
18139,139,Rush County,Rush,IN,Rush_IN,180,106000,7255
18141,141,St. Joseph County,St.Joseph,IN,St.Joseph_IN,147.8,60000,8087
18143,143,Scott County,Scott,IN,Scott_IN,90.5,5000,5368
18145,145,Shelby County,Shelby,IN,Shelby_IN,163.5,91000,6945
18147,147,Spencer County,Spencer,IN,Spencer_IN,158.3,61000,4609
18149,149,Starke County,Starke,IN,Starke_IN,146.3,51000,5004
18151,151,Steuben County,Steuben,IN,Steuben_IN,90.5,5000,5537
18153,153,Sullivan County,Sullivan,IN,Sullivan_IN,164.8,54000,4977
18155,155,Switzerland County,Switzerland,IN,Switzerland_IN,123.5,5300,4098
18157,157,Tippecanoe County,Tippecanoe,IN,Tippecanoe_IN,180.2,93000,9027
18159,159,Tipton County,Tipton,IN,Tipton_IN,172.4,62000,8167
18161,161,Union County,Union,IN,Union_IN,179,33000,6340
18163,163,Vanderburgh County,Vanderburgh,IN,Vanderburgh_IN,167.7,27500,7906
18165,165,Vermillion County,Vermillion,IN,Vermillion_IN,167.2,44000,5674
18167,167,Vigo County,Vigo,IN,Vigo_IN,171.8,41000,5425
18169,169,Wabash County,Wabash,IN,Wabash_IN,184.3,65000,6290
18171,171,Warren County,Warren,IN,Warren_IN,192.4,81000,6786
18173,173,Warrick County,Warrick,IN,Warrick_IN,156.5,36000,5429
18175,175,Washington County,Washington,IN,Washington_IN,134.3,45000,4501
18177,177,Wayne County,Wayne,IN,Wayne_IN,167.5,61000,5492
18179,179,Wells County,Wells,IN,Wells_IN,90.5,5000,7544
18181,181,White County,White,IN,White_IN,177.6,135000,7815
18183,183,Whitley County,Whitley,IN,Whitley_IN,174,54000,6343
19001,1,Adair County,Adair,IA,Adair_IA,176.6,111500,5230
19003,3,Adams County,Adams,IA,Adams_IA,90.5,5000,4987
19005,5,Allamakee County,Allamakee,IA,Allamakee_IA,187.2,97500,5345
19007,7,Appanoose County,Appanoose,IA,Appanoose_IA,166.8,30300,4065
19009,9,Audubon County,Audubon,IA,Audubon_IA,216,109500,6866
19011,11,Benton County,Benton,IA,Benton_IA,197.6,195000,7387
19013,13,Black Hawk County,BlackHawk,IA,BlackHawk_IA,205.1,147000,8723
19015,15,Boone County,Boone,IA,Boone_IA,194.8,163500,7966
19017,17,Bremer County,Bremer,IA,Bremer_IA,212.5,127500,7991
19019,19,Buchanan County,Buchanan,IA,Buchanan_IA,218.9,195000,7884
19021,21,Buena Vista County,BuenaVista,IA,BuenaVista_IA,190.8,170500,8045
19023,23,Butler County,Butler,IA,Butler_IA,209.5,172000,7169
19025,25,Calhoun County,Calhoun,IA,Calhoun_IA,198.8,180000,7942
19027,27,Carroll County,Carroll,IA,Carroll_IA,219.7,185000,8030
19029,29,Cass County,Cass,IA,Cass_IA,200.3,137500,5895
19031,31,Cedar County,Cedar,IA,Cedar_IA,193.7,158500,7858
19033,33,Cerro Gordo County,CerroGordo,IA,CerroGordo_IA,191.8,173000,7341
19035,35,Cherokee County,Cherokee,IA,Cherokee_IA,208.9,153000,7914
19037,37,Chickasaw County,Chickasaw,IA,Chickasaw_IA,212.1,151500,7463
19039,39,Clarke County,Clarke,IA,Clarke_IA,90.5,5000,4271
19041,41,Clay County,Clay,IA,Clay_IA,185.5,151000,7985
19043,43,Clayton County,Clayton,IA,Clayton_IA,197.5,153500,5545
19045,45,Clinton County,Clinton,IA,Clinton_IA,196.1,189000,7544
19047,47,Crawford County,Crawford,IA,Crawford_IA,234.7,208000,6774
19049,49,Dallas County,Dallas,IA,Dallas_IA,195,131000,8169
19051,51,Davis County,Davis,IA,Davis_IA,160,49400,3916
19053,53,Decatur County,Decatur,IA,Decatur_IA,90.5,5000,3845
19055,55,Delaware County,Delaware,IA,Delaware_IA,204.6,201000,7773
19057,57,Des Moines County,DesMoines,IA,DesMoines_IA,176.9,69000,6910
19059,59,Dickinson County,Dickinson,IA,Dickinson_IA,170,94000,7439
19061,61,Dubuque County,Dubuque,IA,Dubuque_IA,216.4,151000,8633
19063,63,Emmet County,Emmet,IA,Emmet_IA,90.5,5000,7182
19065,65,Fayette County,Fayette,IA,Fayette_IA,200.5,202000,7176
19067,67,Floyd County,Floyd,IA,Floyd_IA,202.9,144000,7359
19069,69,Franklin County,Franklin,IA,Franklin_IA,202.7,207500,7814
19071,71,Fremont County,Fremont,IA,Fremont_IA,90.5,5000,6002
19073,73,Greene County,Greene,IA,Greene_IA,201.4,176500,8297
19075,75,Grundy County,Grundy,IA,Grundy_IA,209.8,167500,9086
19077,77,Guthrie County,Guthrie,IA,Guthrie_IA,196.7,113000,6301
19079,79,Hamilton County,Hamilton,IA,Hamilton_IA,198.2,195500,8115
19081,81,Hancock County,Hancock,IA,Hancock_IA,193.3,198000,7621
19083,83,Hardin County,Hardin,IA,Hardin_IA,200.2,197000,7813
19085,85,Harrison County,Harrison,IA,Harrison_IA,90.5,5000,6161
19087,87,Henry County,Henry,IA,Henry_IA,164.5,76200,6267
19089,89,Howard County,Howard,IA,Howard_IA,194.2,134000,7455
19091,91,Humboldt County,Humboldt,IA,Humboldt_IA,198.7,137000,8088
19093,93,Ida County,Ida,IA,Ida_IA,90.5,5000,7347
19095,95,Iowa County,Iowa,IA,Iowa_IA,190.6,115500,6415
19097,97,Jackson County,Jackson,IA,Jackson_IA,185.5,119500,5973
19099,99,Jasper County,Jasper,IA,Jasper_IA,209.3,181000,6512
19101,101,Jefferson County,Jefferson,IA,Jefferson_IA,162.7,70700,5538
19103,103,Johnson County,Johnson,IA,Johnson_IA,181.3,103500,8037
19105,105,Jones County,Jones,IA,Jones_IA,203,153500,6962
19107,107,Keokuk County,Keokuk,IA,Keokuk_IA,175.5,123500,5837
19109,109,Kossuth County,Kossuth,IA,Kossuth_IA,198.7,315000,7892
19111,111,Lee County,Lee,IA,Lee_IA,172.5,71300,5166
19113,113,Linn County,Linn,IA,Linn_IA,223.7,155500,8328
19115,115,Louisa County,Louisa,IA,Louisa_IA,174.6,78800,6631
19117,117,Lucas County,Lucas,IA,Lucas_IA,90.5,5000,3413
19119,119,Lyon County,Lyon,IA,Lyon_IA,186.6,189000,9988
19121,121,Madison County,Madison,IA,Madison_IA,175.7,67700,5668
19123,123,Mahaska County,Mahaska,IA,Mahaska_IA,189.9,131500,6193
19125,125,Marion County,Marion,IA,Marion_IA,170.7,75400,5771
19127,127,Marshall County,Marshall,IA,Marshall_IA,221.9,156500,7600
19129,129,Mills County,Mills,IA,Mills_IA,202.9,84300,5992
19131,131,Mitchell County,Mitchell,IA,Mitchell_IA,194.5,155000,7865
19133,133,Monona County,Monona,IA,Monona_IA,203.9,174500,5762
19135,135,Monroe County,Monroe,IA,Monroe_IA,162.3,26400,4206
19137,137,Montgomery County,Montgomery,IA,Montgomery_IA,204.8,93200,5680
19139,139,Muscatine County,Muscatine,IA,Muscatine_IA,173.2,86500,6720
19141,141,O'Brien County,O'Brien,IA,O'Brien_IA,204.9,178000,9727
19143,143,Osceola County,Osceola,IA,Osceola_IA,182.5,121000,8762
19145,145,Page County,Page,IA,Page_IA,191.4,113500,5370
19147,147,Palo Alto County,PaloAlto,IA,PaloAlto_IA,198.3,163000,8014
19149,149,Plymouth County,Plymouth,IA,Plymouth_IA,217.8,236500,8561
19151,151,Pocahontas County,Pocahontas,IA,Pocahontas_IA,90.5,5000,8064
19153,153,Polk County,Polk,IA,Polk_IA,196.7,79000,8841
19155,155,Pottawattamie County,Pottawattamie,IA,Pottawattamie_IA,208,236500,6784
19157,157,Poweshiek County,Poweshiek,IA,Poweshiek_IA,200.3,154500,6708
19159,159,Ringgold County,Ringgold,IA,Ringgold_IA,90.5,5000,3854
19161,161,Sac County,Sac,IA,Sac_IA,220.6,175000,7943
19163,163,Scott County,Scott,IA,Scott_IA,189.3,105500,9588
19165,165,Shelby County,Shelby,IA,Shelby_IA,217.3,174000,6853
19167,167,Sioux County,Sioux,IA,Sioux_IA,192.2,265000,10405
19169,169,Story County,Story,IA,Story_IA,189.3,170000,9467
19171,171,Tama County,Tama,IA,Tama_IA,204.8,176000,7256
19173,173,Taylor County,Taylor,IA,Taylor_IA,161.7,85700,4812
19175,175,Union County,Union,IA,Union_IA,168.9,55500,4458
19177,177,Van Buren County,VanBuren,IA,VanBuren_IA,171,47400,4674
19179,179,Wapello County,Wapello,IA,Wapello_IA,176.5,57200,4876
19181,181,Warren County,Warren,IA,Warren_IA,90.5,5000,5636
19183,183,Washington County,Washington,IA,Washington_IA,178.9,119000,6889
19185,185,Wayne County,Wayne,IA,Wayne_IA,151.5,57300,4252
19187,187,Webster County,Webster,IA,Webster_IA,202.9,209500,7948
19189,189,Winnebago County,Winnebago,IA,Winnebago_IA,198.8,123000,6989
19191,191,Winneshiek County,Winneshiek,IA,Winneshiek_IA,200.4,173000,6401
19193,193,Woodbury County,Woodbury,IA,Woodbury_IA,218.2,211000,7375
19195,195,Worth County,Worth,IA,Worth_IA,196.5,112000,6956
19197,197,Wright County,Wright,IA,Wright_IA,197,185500,7573
20001,1,Allen County,Allen,KS,Allen_KS,90.5,5000,2029
20003,3,Anderson County,Anderson,KS,Anderson_KS,111.4,46100,2038
20005,5,Atchison County,Atchison,KS,Atchison_KS,90.5,5000,3040
20007,7,Barber County,Barber,KS,Barber_KS,90.5,5000,1436
20009,9,Barton County,Barton,KS,Barton_KS,147.4,38700,1570
20011,11,Bourbon County,Bourbon,KS,Bourbon_KS,90.5,5000,2008
20013,13,Brown County,Brown,KS,Brown_KS,174.4,127500,3507
20015,15,Butler County,Butler,KS,Butler_KS,90.5,5000,2268
20017,17,Chase County,Chase,KS,Chase_KS,90.5,5000,1911
20019,19,Chautauqua County,Chautauqua,KS,Chautauqua_KS,103,2400,1631
20021,21,Cherokee County,Cherokee,KS,Cherokee_KS,133,61200,2211
20023,23,Cheyenne County,Cheyenne,KS,Cheyenne_KS,90.5,5000,1477
20025,25,Clark County,Clark,KS,Clark_KS,134.1,2900,1187
20027,27,Clay County,Clay,KS,Clay_KS,144.2,51600,2712
20029,29,Cloud County,Cloud,KS,Cloud_KS,90.5,5000,2302
20031,31,Coffey County,Coffey,KS,Coffey_KS,115,26600,1825
20033,33,Comanche County,Comanche,KS,Comanche_KS,90.5,5000,1159
20035,35,Cowley County,Cowley,KS,Cowley_KS,102.9,28100,1849
20037,37,Crawford County,Crawford,KS,Crawford_KS,90.5,5000,2014
20039,39,Decatur County,Decatur,KS,Decatur_KS,90.5,5000,1458
20041,41,Dickinson County,Dickinson,KS,Dickinson_KS,90.5,5000,2140
20043,43,Doniphan County,Doniphan,KS,Doniphan_KS,90.5,5000,3431
20045,45,Douglas County,Douglas,KS,Douglas_KS,124.2,25600,4072
20047,47,Edwards County,Edwards,KS,Edwards_KS,160.5,78700,1843
20049,49,Elk County,Elk,KS,Elk_KS,108.3,5400,1545
20051,51,Ellis County,Ellis,KS,Ellis_KS,68,15800,1349
20053,53,Ellsworth County,Ellsworth,KS,Ellsworth_KS,86,7300,1608
20055,55,Finney County,Finney,KS,Finney_KS,155.9,174500,1565
20057,57,Ford County,Ford,KS,Ford_KS,185,58200,1547
20059,59,Franklin County,Franklin,KS,Franklin_KS,118.1,25600,2403
20061,61,Geary County,Geary,KS,Geary_KS,90.5,5000,2301
20063,63,Gove County,Gove,KS,Gove_KS,90.5,5000,1301
20065,65,Graham County,Graham,KS,Graham_KS,90.5,5000,1285
20067,67,Grant County,Grant,KS,Grant_KS,135,86300,1576
20069,69,Gray County,Gray,KS,Gray_KS,90.5,5000,1596
20071,71,Greeley County,Greeley,KS,Greeley_KS,98,72700,1416
20073,73,Greenwood County,Greenwood,KS,Greenwood_KS,90.5,5000,1667
20075,75,Hamilton County,Hamilton,KS,Hamilton_KS,98.3,49100,1066
20077,77,Harper County,Harper,KS,Harper_KS,90.5,5000,1642
20079,79,Harvey County,Harvey,KS,Harvey_KS,109.2,70500,3167
20081,81,Haskell County,Haskell,KS,Haskell_KS,178.2,127000,1527
20083,83,Hodgeman County,Hodgeman,KS,Hodgeman_KS,90.5,5000,1176
20085,85,Jackson County,Jackson,KS,Jackson_KS,137.1,39800,2677
20087,87,Jefferson County,Jefferson,KS,Jefferson_KS,144.8,47300,2904
20089,89,Jewell County,Jewell,KS,Jewell_KS,143.5,77100,2060
20091,91,Johnson County,Johnson,KS,Johnson_KS,90.5,5000,3773
20093,93,Kearny County,Kearny,KS,Kearny_KS,90.5,5000,1442
20095,95,Kingman County,Kingman,KS,Kingman_KS,135.4,12800,1619
20097,97,Kiowa County,Kiowa,KS,Kiowa_KS,90.5,5000,1571
20099,99,Labette County,Labette,KS,Labette_KS,90.5,5000,2121
20101,101,Lane County,Lane,KS,Lane_KS,90.5,5000,1274
20103,103,Leavenworth County,Leavenworth,KS,Leavenworth_KS,120.8,16500,3421
20105,105,Lincoln County,Lincoln,KS,Lincoln_KS,98.2,12000,1727
20107,107,Linn County,Linn,KS,Linn_KS,90.5,5000,2554
20109,109,Logan County,Logan,KS,Logan_KS,90.5,5000,1346
20111,111,Lyon County,Lyon,KS,Lyon_KS,96.1,29900,1988
20113,113,McPherson County,McPherson,KS,McPherson_KS,119.7,56900,2739
20115,115,Marion County,Marion,KS,Marion_KS,100.1,69200,2042
20117,117,Marshall County,Marshall,KS,Marshall_KS,140.7,138000,3094
20119,119,Meade County,Meade,KS,Meade_KS,90.5,5000,1476
20121,121,Miami County,Miami,KS,Miami_KS,130.5,19400,3095
20123,123,Mitchell County,Mitchell,KS,Mitchell_KS,132.5,33100,1868
20125,125,Montgomery County,Montgomery,KS,Montgomery_KS,112.7,27800,2010
20127,127,Morris County,Morris,KS,Morris_KS,101,23700,1622
20129,129,Morton County,Morton,KS,Morton_KS,132.5,50100,1024
20131,131,Nemaha County,Nemaha,KS,Nemaha_KS,90.5,5000,3006
20133,133,Neosho County,Neosho,KS,Neosho_KS,110.4,33600,1963
20135,135,Ness County,Ness,KS,Ness_KS,84.8,32100,1084
20137,137,Norton County,Norton,KS,Norton_KS,90.5,5000,1361
20139,139,Osage County,Osage,KS,Osage_KS,115.6,31700,1992
20141,141,Osborne County,Osborne,KS,Osborne_KS,90.5,5000,1410
20143,143,Ottawa County,Ottawa,KS,Ottawa_KS,90.5,5000,2011
20145,145,Pawnee County,Pawnee,KS,Pawnee_KS,90.5,5000,1658
20147,147,Phillips County,Phillips,KS,Phillips_KS,90.5,5000,1442
20149,149,Pottawatomie County,Pottawatomie,KS,Pottawatomie_KS,147.6,37900,2461
20151,151,Pratt County,Pratt,KS,Pratt_KS,90.5,5000,2055
20153,153,Rawlins County,Rawlins,KS,Rawlins_KS,123.1,135000,1542
20155,155,Reno County,Reno,KS,Reno_KS,137.6,48700,2139
20157,157,Republic County,Republic,KS,Republic_KS,90.5,5000,2586
20159,159,Rice County,Rice,KS,Rice_KS,90.5,5000,2036
20161,161,Riley County,Riley,KS,Riley_KS,147.9,20700,3022
20163,163,Rooks County,Rooks,KS,Rooks_KS,82.7,32100,1251
20165,165,Rush County,Rush,KS,Rush_KS,90.5,5000,1299
20167,167,Russell County,Russell,KS,Russell_KS,90.5,5000,1339
20169,169,Saline County,Saline,KS,Saline_KS,90.5,5000,2371
20171,171,Scott County,Scott,KS,Scott_KS,106.4,135000,1515
20173,173,Sedgwick County,Sedgwick,KS,Sedgwick_KS,123.1,59900,3464
20175,175,Seward County,Seward,KS,Seward_KS,90.5,5000,1410
20177,177,Shawnee County,Shawnee,KS,Shawnee_KS,148.5,33700,2993
20179,179,Sheridan County,Sheridan,KS,Sheridan_KS,90.5,5000,1564
20181,181,Sherman County,Sherman,KS,Sherman_KS,131.9,222000,1761
20183,183,Smith County,Smith,KS,Smith_KS,145.1,92400,1909
20185,185,Stafford County,Stafford,KS,Stafford_KS,90.5,5000,1803
20187,187,Stanton County,Stanton,KS,Stanton_KS,118.9,113000,1064
20189,189,Stevens County,Stevens,KS,Stevens_KS,90.5,5000,1387
20191,191,Sumner County,Sumner,KS,Sumner_KS,93,51500,1838
20193,193,Thomas County,Thomas,KS,Thomas_KS,90.5,5000,1747
20195,195,Trego County,Trego,KS,Trego_KS,90.5,5000,1141
20197,197,Wabaunsee County,Wabaunsee,KS,Wabaunsee_KS,112.3,27100,1927
20199,199,Wallace County,Wallace,KS,Wallace_KS,90.5,5000,1352
20201,201,Washington County,Washington,KS,Washington_KS,90.5,5000,2426
20203,203,Wichita County,Wichita,KS,Wichita_KS,123.6,115000,1401
20205,205,Wilson County,Wilson,KS,Wilson_KS,120.6,42600,1947
20207,207,Woodson County,Woodson,KS,Woodson_KS,90.5,5000,1662
20209,209,Wyandotte County,Wyandotte,KS,Wyandotte_KS,90.5,5000,6742
26001,1,Alcona County,Alcona,MI,Alcona_MI,90.5,5000,2590
26003,3,Alger County,Alger,MI,Alger_MI,90.5,5000,2040
26005,5,Allegan County,Allegan,MI,Allegan_MI,136,66000,5981
26007,7,Alpena County,Alpena,MI,Alpena_MI,131,6400,2545
26009,9,Antrim County,Antrim,MI,Antrim_MI,90.5,5000,4203
26011,11,Arenac County,Arenac,MI,Arenac_MI,134.7,18000,3355
26013,13,Baraga County,Baraga,MI,Baraga_MI,90.5,5000,2189
26015,15,Barry County,Barry,MI,Barry_MI,132.5,35000,4801
26017,17,Bay County,Bay,MI,Bay_MI,146.4,50000,5052
26019,19,Benzie County,Benzie,MI,Benzie_MI,91.7,1000,3961
26021,21,Berrien County,Berrien,MI,Berrien_MI,90.5,5000,6445
26023,23,Branch County,Branch,MI,Branch_MI,157.9,81000,4236
26025,25,Calhoun County,Calhoun,MI,Calhoun_MI,136.8,77000,5309
26027,27,Cass County,Cass,MI,Cass_MI,145.3,70000,4622
26029,29,Charlevoix County,Charlevoix,MI,Charlevoix_MI,90.5,5000,3770
26031,31,Cheboygan County,Cheboygan,MI,Cheboygan_MI,90.5,5000,2562
26033,33,Chippewa County,Chippewa,MI,Chippewa_MI,90.5,5000,2164
26035,35,Clare County,Clare,MI,Clare_MI,90.5,5000,3011
26037,37,Clinton County,Clinton,MI,Clinton_MI,90.5,5000,5655
26039,39,Crawford County,Crawford,MI,Crawford_MI,90.5,5000,3502
26041,41,Delta County,Delta,MI,Delta_MI,116.7,2500,1785
26043,43,Dickinson County,Dickinson,MI,Dickinson_MI,90.5,5000,2727
26045,45,Eaton County,Eaton,MI,Eaton_MI,140.3,32000,4176
26047,47,Emmet County,Emmet,MI,Emmet_MI,100,800,3767
26049,49,Genesee County,Genesee,MI,Genesee_MI,140,17000,5262
26051,51,Gladwin County,Gladwin,MI,Gladwin_MI,90.5,5000,3909
26053,53,Gogebic County,Gogebic,MI,Gogebic_MI,90.5,5000,2601
26055,55,Grand Traverse County,GrandTraverse,MI,GrandTraverse_MI,145,6400,6362
26057,57,Gratiot County,Gratiot,MI,Gratiot_MI,90.5,5000,5432
26059,59,Hillsdale County,Hillsdale,MI,Hillsdale_MI,163.6,50000,4309
26061,61,Houghton County,Houghton,MI,Houghton_MI,90.5,5000,2354
26063,63,Huron County,Huron,MI,Huron_MI,175.7,102000,6048
26065,65,Ingham County,Ingham,MI,Ingham_MI,150.9,48000,5325
26067,67,Ionia County,Ionia,MI,Ionia_MI,165,73000,4955
26069,69,Iosco County,Iosco,MI,Iosco_MI,117.1,5700,3153
26071,71,Iron County,Iron,MI,Iron_MI,90.5,5000,1976
26073,73,Isabella County,Isabella,MI,Isabella_MI,140.6,41000,4099
26075,75,Jackson County,Jackson,MI,Jackson_MI,158.2,56000,4986
26077,77,Kalamazoo County,Kalamazoo,MI,Kalamazoo_MI,138.4,54000,7055
26079,79,Kalkaska County,Kalkaska,MI,Kalkaska_MI,90.5,5000,2654
26081,81,Kent County,Kent,MI,Kent_MI,153.6,37000,7380
26083,83,Keweenaw County,Keweenaw,MI,Keweenaw_MI,90.5,5000,3375
26085,85,Lake County,Lake,MI,Lake_MI,90.5,5000,2462
26087,87,Lapeer County,Lapeer,MI,Lapeer_MI,148.8,30500,4607
26089,89,Leelanau County,Leelanau,MI,Leelanau_MI,121.1,2200,7321
26091,91,Lenawee County,Lenawee,MI,Lenawee_MI,174.8,48000,5226
26093,93,Livingston County,Livingston,MI,Livingston_MI,149.6,15000,5701
26095,95,Luce County,Luce,MI,Luce_MI,90.5,5000,2521
26097,97,Mackinac County,Mackinac,MI,Mackinac_MI,90.5,5000,1997
26099,99,Macomb County,Macomb,MI,Macomb_MI,160.2,6500,5095
26101,101,Manistee County,Manistee,MI,Manistee_MI,119,3700,2884
26103,103,Marquette County,Marquette,MI,Marquette_MI,90.5,5000,2206
26105,105,Mason County,Mason,MI,Mason_MI,155.5,13700,3111
26107,107,Mecosta County,Mecosta,MI,Mecosta_MI,135.9,23500,3505
26109,109,Menominee County,Menominee,MI,Menominee_MI,73.2,12500,2125
26111,111,Midland County,Midland,MI,Midland_MI,90.5,5000,5542
26113,113,Missaukee County,Missaukee,MI,Missaukee_MI,152.2,22400,3658
26115,115,Monroe County,Monroe,MI,Monroe_MI,181.3,24500,6156
26117,117,Montcalm County,Montcalm,MI,Montcalm_MI,145.5,63000,3991
26119,119,Montmorency County,Montmorency,MI,Montmorency_MI,115,1400,2146
26121,121,Muskegon County,Muskegon,MI,Muskegon_MI,90.5,5000,6425
26123,123,Newaygo County,Newaygo,MI,Newaygo_MI,138,21800,3889
26125,125,Oakland County,Oakland,MI,Oakland_MI,133.3,2400,11623
26127,127,Oceana County,Oceana,MI,Oceana_MI,144.6,12900,4159
26129,129,Ogemaw County,Ogemaw,MI,Ogemaw_MI,151.7,13500,2797
26131,131,Ontonagon County,Ontonagon,MI,Ontonagon_MI,90.5,5000,1597
26133,133,Osceola County,Osceola,MI,Osceola_MI,90.5,5000,3003
26135,135,Oscoda County,Oscoda,MI,Oscoda_MI,90.5,5000,2741
26137,137,Otsego County,Otsego,MI,Otsego_MI,127.3,1300,2780
26139,139,Ottawa County,Ottawa,MI,Ottawa_MI,90.5,5000,8271
26141,141,Presque Isle County,PresqueIsle,MI,PresqueIsle_MI,126.8,5600,2345
26143,143,Roscommon County,Roscommon,MI,Roscommon_MI,90.5,5000,2451
26145,145,Saginaw County,Saginaw,MI,Saginaw_MI,157.5,76000,5805
26147,147,St. Clair County,St.Clair,MI,St.Clair_MI,148.1,18000,5254
26149,149,St. Joseph County,St.Joseph,MI,St.Joseph_MI,90.5,5000,5717
26151,151,Sanilac County,Sanilac,MI,Sanilac_MI,163.5,100000,4930
26153,153,Schoolcraft County,Schoolcraft,MI,Schoolcraft_MI,90.5,5000,1820
26155,155,Shiawassee County,Shiawassee,MI,Shiawassee_MI,147.9,40000,4511
26157,157,Tuscola County,Tuscola,MI,Tuscola_MI,165.2,74000,5217
26159,159,Van Buren County,VanBuren,MI,VanBuren_MI,90.5,5000,5789
26161,161,Washtenaw County,Washtenaw,MI,Washtenaw_MI,156.3,22500,7823
26163,163,Wayne County,Wayne,MI,Wayne_MI,130,600,11561
26165,165,Wexford County,Wexford,MI,Wexford_MI,90.5,5000,3368
27001,1,Aitkin County,Aitkin,MN,Aitkin_MN,90.5,5000,2109
27003,3,Anoka County,Anoka,MN,Anoka_MN,90.5,5000,7590
27005,5,Becker County,Becker,MN,Becker_MN,160,66800,2906
27007,7,Beltrami County,Beltrami,MN,Beltrami_MN,90.5,5000,1966
27009,9,Benton County,Benton,MN,Benton_MN,154.6,48400,4390
27011,11,Big Stone County,BigStone,MN,BigStone_MN,164.3,91100,4348
27013,13,Blue Earth County,BlueEarth,MN,BlueEarth_MN,187.8,185000,7202
27015,15,Brown County,Brown,MN,Brown_MN,178.3,148000,6574
27017,17,Carlton County,Carlton,MN,Carlton_MN,90.5,5000,2155
27019,19,Carver County,Carver,MN,Carver_MN,179,50200,6742
27021,21,Cass County,Cass,MN,Cass_MN,90.5,5000,2503
27023,23,Chippewa County,Chippewa,MN,Chippewa_MN,188.9,124500,5894
27025,25,Chisago County,Chisago,MN,Chisago_MN,153.5,22000,4575
27027,27,Clay County,Clay,MN,Clay_MN,165.7,157000,3948
27029,29,Clearwater County,Clearwater,MN,Clearwater_MN,173.9,7000,2026
27031,31,Cook County,Cook,MN,Cook_MN,90.5,5000,5927
27033,33,Cottonwood County,Cottonwood,MN,Cottonwood_MN,156,168500,6321
27035,35,Crow Wing County,CrowWing,MN,CrowWing_MN,90.5,5000,2688
27037,37,Dakota County,Dakota,MN,Dakota_MN,190.8,86700,6902
27039,39,Dodge County,Dodge,MN,Dodge_MN,184,116000,6892
27041,41,Douglas County,Douglas,MN,Douglas_MN,90.5,5000,3946
27043,43,Faribault County,Faribault,MN,Faribault_MN,186.5,217000,6799
27045,45,Fillmore County,Fillmore,MN,Fillmore_MN,194.4,186000,5554
27047,47,Freeborn County,Freeborn,MN,Freeborn_MN,186.7,194500,6030
27049,49,Goodhue County,Goodhue,MN,Goodhue_MN,195.2,161500,6204
27051,51,Grant County,Grant,MN,Grant_MN,172.9,125500,4403
27053,53,Hennepin County,Hennepin,MN,Hennepin_MN,141.2,8300,13464
27055,55,Houston County,Houston,MN,Houston_MN,185.6,61400,4290
27057,57,Hubbard County,Hubbard,MN,Hubbard_MN,90.5,5000,2646
27059,59,Isanti County,Isanti,MN,Isanti_MN,145.7,30200,3887
27061,61,Itasca County,Itasca,MN,Itasca_MN,90.5,5000,2842
27063,63,Jackson County,Jackson,MN,Jackson_MN,156.9,176000,6438
27065,65,Kanabec County,Kanabec,MN,Kanabec_MN,90.5,5000,2652
27067,67,Kandiyohi County,Kandiyohi,MN,Kandiyohi_MN,90.5,5000,5218
27069,69,Kittson County,Kittson,MN,Kittson_MN,124.4,15900,2249
27071,71,Koochiching County,Koochiching,MN,Koochiching_MN,90.5,5000,1443
27073,73,Lac qui Parle County,LacquiParle,MN,LacquiParle_MN,181.1,141000,4478
27075,75,Lake County,Lake,MN,Lake_MN,90.5,5000,3629
27077,77,Lake of the Woods County,LakeoftheWoods,MN,LakeoftheWoods_MN,90.5,5000,1697
27079,79,Le Sueur County,LeSueur,MN,LeSueur_MN,90.5,5000,6175
27081,81,Lincoln County,Lincoln,MN,Lincoln_MN,146.8,65000,4836
27083,83,Lyon County,Lyon,MN,Lyon_MN,172.2,125500,5852
27085,85,McLeod County,McLeod,MN,McLeod_MN,188.6,115500,5724
27087,87,Mahnomen County,Mahnomen,MN,Mahnomen_MN,90.5,5000,2955
27089,89,Marshall County,Marshall,MN,Marshall_MN,90.5,5000,2474
27091,91,Martin County,Martin,MN,Martin_MN,172.5,216500,6712
27093,93,Meeker County,Meeker,MN,Meeker_MN,165.5,120000,5190
27095,95,Mille Lacs County,MilleLacs,MN,MilleLacs_MN,148.5,17200,3102
27097,97,Morrison County,Morrison,MN,Morrison_MN,141.3,93500,3310
27099,99,Mower County,Mower,MN,Mower_MN,189.1,208000,6813
27101,101,Murray County,Murray,MN,Murray_MN,150.5,137000,6166
27103,103,Nicollet County,Nicollet,MN,Nicollet_MN,197.3,120000,7002
27105,105,Nobles County,Nobles,MN,Nobles_MN,150.4,184000,6911
27107,107,Norman County,Norman,MN,Norman_MN,90.5,5000,3301
27109,109,Olmsted County,Olmsted,MN,Olmsted_MN,181,119500,6657
27111,111,Otter Tail County,OtterTail,MN,OtterTail_MN,179.9,199000,2969
27113,113,Pennington County,Pennington,MN,Pennington_MN,90.5,5000,1928
27115,115,Pine County,Pine,MN,Pine_MN,138.4,16300,2364
27117,117,Pipestone County,Pipestone,MN,Pipestone_MN,134.7,90000,5833
27119,119,Polk County,Polk,MN,Polk_MN,90.5,5000,3280
27121,121,Pope County,Pope,MN,Pope_MN,181.4,119000,4144
27123,123,Ramsey County,Ramsey,MN,Ramsey_MN,90.5,5000,26646
27125,125,Red Lake County,RedLake,MN,RedLake_MN,90.5,5000,2370
27127,127,Redwood County,Redwood,MN,Redwood_MN,182.2,222000,6239
27129,129,Renville County,Renville,MN,Renville_MN,189.2,243500,6560
27131,131,Rice County,Rice,MN,Rice_MN,90.5,5000,6857
27133,133,Rock County,Rock,MN,Rock_MN,150.2,139000,7631
27135,135,Roseau County,Roseau,MN,Roseau_MN,149.4,13300,1743
27137,137,St. Louis County,St.Louis,MN,St.Louis_MN,90.5,5000,1992
27139,139,Scott County,Scott,MN,Scott_MN,90.5,5000,7590
27141,141,Sherburne County,Sherburne,MN,Sherburne_MN,176,26700,5155
27143,143,Sibley County,Sibley,MN,Sibley_MN,188.3,153000,6746
27145,145,Stearns County,Stearns,MN,Stearns_MN,170.2,216500,5149
27147,147,Steele County,Steele,MN,Steele_MN,174.2,108500,6201
27149,149,Stevens County,Stevens,MN,Stevens_MN,178.4,131500,5077
27151,151,Swift County,Swift,MN,Swift_MN,176.3,170500,5043
27153,153,Todd County,Todd,MN,Todd_MN,152.7,75200,2745
27155,155,Traverse County,Traverse,MN,Traverse_MN,148.8,143500,4979
27157,157,Wabasha County,Wabasha,MN,Wabasha_MN,186.2,96000,5519
27159,159,Wadena County,Wadena,MN,Wadena_MN,173.2,21300,2200
27161,161,Waseca County,Waseca,MN,Waseca_MN,183.9,115000,6621
27163,163,Washington County,Washington,MN,Washington_MN,200.3,18000,8695
27165,165,Watonwan County,Watonwan,MN,Watonwan_MN,172.3,124000,7097
27167,167,Wilkin County,Wilkin,MN,Wilkin_MN,90.5,5000,3872
27169,169,Winona County,Winona,MN,Winona_MN,186.3,86900,5753
27171,171,Wright County,Wright,MN,Wright_MN,90.5,5000,6441
27173,173,Yellow Medicine County,YellowMedicine,MN,YellowMedicine_MN,174,163000,5408
29001,1,Adair County,Adair,MO,Adair_MO,132.3,19300,2792
29003,3,Andrew County,Andrew,MO,Andrew_MO,90.5,5000,3843
29005,5,Atchison County,Atchison,MO,Atchison_MO,90.5,5000,4903
29007,7,Audrain County,Audrain,MO,Audrain_MO,168.7,97600,4256
29009,9,Barry County,Barry,MO,Barry_MO,148.9,5600,3429
29011,11,Barton County,Barton,MO,Barton_MO,142,57700,2753
29013,13,Bates County,Bates,MO,Bates_MO,160.2,77200,3090
29015,15,Benton County,Benton,MO,Benton_MO,90.5,5000,2737
29017,17,Bollinger County,Bollinger,MO,Bollinger_MO,157.9,11000,2507
29019,19,Boone County,Boone,MO,Boone_MO,168.6,20500,5654
29021,21,Buchanan County,Buchanan,MO,Buchanan_MO,90.5,5000,4053
29023,23,Butler County,Butler,MO,Butler_MO,161.8,27800,4695
29025,25,Caldwell County,Caldwell,MO,Caldwell_MO,90.5,5000,3170
29027,27,Callaway County,Callaway,MO,Callaway_MO,90.5,5000,3960
29029,29,Camden County,Camden,MO,Camden_MO,90.5,5000,2208
29031,31,Cape Girardeau County,CapeGirardeau,MO,CapeGirardeau_MO,90.5,5000,4343
29033,33,Carroll County,Carroll,MO,Carroll_MO,144.2,73100,3580
29035,35,Carter County,Carter,MO,Carter_MO,90.5,5000,1909
29037,37,Cass County,Cass,MO,Cass_MO,90.5,5000,3759
29039,39,Cedar County,Cedar,MO,Cedar_MO,132,4200,2489
29041,41,Chariton County,Chariton,MO,Chariton_MO,90.5,5000,3439
29043,43,Christian County,Christian,MO,Christian_MO,90.5,5000,4027
29045,45,Clark County,Clark,MO,Clark_MO,90.5,5000,3575
29047,47,Clay County,Clay,MO,Clay_MO,90.5,5000,4169
29049,49,Clinton County,Clinton,MO,Clinton_MO,139.3,45200,3721
29051,51,Cole County,Cole,MO,Cole_MO,90.5,5000,3646
29053,53,Cooper County,Cooper,MO,Cooper_MO,90.5,5000,3268
29055,55,Crawford County,Crawford,MO,Crawford_MO,90.5,5000,2583
29057,57,Dade County,Dade,MO,Dade_MO,123.3,18900,2807
29059,59,Dallas County,Dallas,MO,Dallas_MO,114,900,2538
29061,61,Daviess County,Daviess,MO,Daviess_MO,90.5,5000,3265
29063,63,DeKalb County,DeKalb,MO,DeKalb_MO,126.2,41300,3273
29065,65,Dent County,Dent,MO,Dent_MO,90.5,5000,2091
29067,67,Douglas County,Douglas,MO,Douglas_MO,90.5,5000,2100
29069,69,Dunklin County,Dunklin,MO,Dunklin_MO,180.5,29200,5090
29071,71,Franklin County,Franklin,MO,Franklin_MO,153.7,16500,3864
29073,73,Gasconade County,Gasconade,MO,Gasconade_MO,137.6,5900,2787
29075,75,Gentry County,Gentry,MO,Gentry_MO,126.9,39300,3098
29077,77,Greene County,Greene,MO,Greene_MO,90.5,5000,4745
29079,79,Grundy County,Grundy,MO,Grundy_MO,90.5,5000,2928
29081,81,Harrison County,Harrison,MO,Harrison_MO,90.5,5000,2768
29083,83,Henry County,Henry,MO,Henry_MO,90.5,5000,2690
29085,85,Hickory County,Hickory,MO,Hickory_MO,90.5,5000,2108
29087,87,Holt County,Holt,MO,Holt_MO,90.5,5000,4893
29089,89,Howard County,Howard,MO,Howard_MO,90.5,5000,3023
29091,91,Howell County,Howell,MO,Howell_MO,90.5,5000,2144
29093,93,Iron County,Iron,MO,Iron_MO,90.5,5000,2065
29095,95,Jackson County,Jackson,MO,Jackson_MO,157,18900,5814
29097,97,Jasper County,Jasper,MO,Jasper_MO,90.5,5000,3221
29099,99,Jefferson County,Jefferson,MO,Jefferson_MO,132.9,3100,4200
29101,101,Johnson County,Johnson,MO,Johnson_MO,90.5,5000,3344
29103,103,Knox County,Knox,MO,Knox_MO,90.5,5000,3042
29105,105,Laclede County,Laclede,MO,Laclede_MO,136.7,2200,2517
29107,107,Lafayette County,Lafayette,MO,Lafayette_MO,185.5,100000,4535
29109,109,Lawrence County,Lawrence,MO,Lawrence_MO,90.5,5000,3198
29111,111,Lewis County,Lewis,MO,Lewis_MO,90.5,5000,3312
29113,113,Lincoln County,Lincoln,MO,Lincoln_MO,90.5,5000,4361
29115,115,Linn County,Linn,MO,Linn_MO,90.5,5000,2883
29117,117,Livingston County,Livingston,MO,Livingston_MO,124.5,40400,3372
29119,119,McDonald County,McDonald,MO,McDonald_MO,90.5,5000,2682
29121,121,Macon County,Macon,MO,Macon_MO,90.5,5000,3194
29123,123,Madison County,Madison,MO,Madison_MO,90.5,5000,2099
29125,125,Maries County,Maries,MO,Maries_MO,125.3,1700,1971
29127,127,Marion County,Marion,MO,Marion_MO,164.7,46500,3966
29129,129,Mercer County,Mercer,MO,Mercer_MO,90.5,5000,2693
29131,131,Miller County,Miller,MO,Miller_MO,149.2,2600,2497
29133,133,Mississippi County,Mississippi,MO,Mississippi_MO,152.4,37300,5837
29135,135,Moniteau County,Moniteau,MO,Moniteau_MO,144.6,15400,3570
29137,137,Monroe County,Monroe,MO,Monroe_MO,90.5,5000,3559
29139,139,Montgomery County,Montgomery,MO,Montgomery_MO,90.5,5000,3771
29141,141,Morgan County,Morgan,MO,Morgan_MO,151.5,7500,3837
29143,143,New Madrid County,NewMadrid,MO,NewMadrid_MO,173,53700,5591
29145,145,Newton County,Newton,MO,Newton_MO,150.9,7300,3639
29147,147,Nodaway County,Nodaway,MO,Nodaway_MO,90.5,5000,4012
29149,149,Oregon County,Oregon,MO,Oregon_MO,90.5,5000,1781
29151,151,Osage County,Osage,MO,Osage_MO,133,8600,2415
29153,153,Ozark County,Ozark,MO,Ozark_MO,90.5,5000,2133
29155,155,Pemiscot County,Pemiscot,MO,Pemiscot_MO,90.5,5000,5235
29157,157,Perry County,Perry,MO,Perry_MO,90.5,5000,3273
29159,159,Pettis County,Pettis,MO,Pettis_MO,90.5,5000,3500
29161,161,Phelps County,Phelps,MO,Phelps_MO,90.5,5000,2636
29163,163,Pike County,Pike,MO,Pike_MO,90.5,5000,3516
29165,165,Platte County,Platte,MO,Platte_MO,146.6,35700,4429
29167,167,Polk County,Polk,MO,Polk_MO,163.2,4000,2525
29169,169,Pulaski County,Pulaski,MO,Pulaski_MO,90.5,5000,2237
29171,171,Putnam County,Putnam,MO,Putnam_MO,90.5,5000,2520
29173,173,Ralls County,Ralls,MO,Ralls_MO,157.4,44900,3850
29175,175,Randolph County,Randolph,MO,Randolph_MO,158.6,24500,3461
29177,177,Ray County,Ray,MO,Ray_MO,150,38500,3516
29179,179,Reynolds County,Reynolds,MO,Reynolds_MO,90.5,5000,1599
29181,181,Ripley County,Ripley,MO,Ripley_MO,90.5,5000,2446
29183,183,St. Charles County,St.Charles,MO,St.Charles_MO,173.3,25200,4885
29185,185,St. Clair County,St.Clair,MO,St.Clair_MO,137.2,17000,2453
29186,186,Ste. Genevieve County,Ste.Genevieve,MO,Ste.Genevieve_MO,152.1,8000,2951
29187,187,St. Francois County,St.Francois,MO,St.Francois_MO,90.5,5000,2933
29189,189,St. Louis County,St.Louis,MO,St.Louis_MO,90.5,5000,4348
29195,195,Saline County,Saline,MO,Saline_MO,192.2,140500,4010
29197,197,Schuyler County,Schuyler,MO,Schuyler_MO,90.5,5000,2581
29199,199,Scotland County,Scotland,MO,Scotland_MO,90.5,5000,3370
29201,201,Scott County,Scott,MO,Scott_MO,174.2,62000,5087
29203,203,Shannon County,Shannon,MO,Shannon_MO,90.5,5000,1963
29205,205,Shelby County,Shelby,MO,Shelby_MO,90.5,5000,3729
29207,207,Stoddard County,Stoddard,MO,Stoddard_MO,170.1,76500,5353
29209,209,Stone County,Stone,MO,Stone_MO,90.5,5000,2894
29211,211,Sullivan County,Sullivan,MO,Sullivan_MO,121.8,18100,2338
29213,213,Taney County,Taney,MO,Taney_MO,90.5,5000,2235
29215,215,Texas County,Texas,MO,Texas_MO,126.7,1000,2066
29217,217,Vernon County,Vernon,MO,Vernon_MO,90.5,5000,2841
29219,219,Warren County,Warren,MO,Warren_MO,149.3,15300,4048
29221,221,Washington County,Washington,MO,Washington_MO,90.5,5000,2372
29223,223,Wayne County,Wayne,MO,Wayne_MO,90.5,5000,2350
29225,225,Webster County,Webster,MO,Webster_MO,160.8,2000,3102
29227,227,Worth County,Worth,MO,Worth_MO,90.5,5000,2844
29229,229,Wright County,Wright,MO,Wright_MO,90.5,5000,2158
31001,1,Adams County,Adams,NE,Adams_NE,195.9,190000,5323
31003,3,Antelope County,Antelope,NE,Antelope_NE,210.1,219000,4588
31005,5,Arthur County,Arthur,NE,Arthur_NE,90.5,5000,801
31007,7,Banner County,Banner,NE,Banner_NE,90.5,5000,872
31009,9,Blaine County,Blaine,NE,Blaine_NE,90.5,5000,993
31011,11,Boone County,Boone,NE,Boone_NE,205.8,175000,4449
31013,13,Box Butte County,BoxButte,NE,BoxButte_NE,150.4,94400,1334
31015,15,Boyd County,Boyd,NE,Boyd_NE,157.2,32800,2028
31017,17,Brown County,Brown,NE,Brown_NE,207.2,42400,1172
31019,19,Buffalo County,Buffalo,NE,Buffalo_NE,195.4,213000,4393
31021,21,Burt County,Burt,NE,Burt_NE,190.9,125500,6160
31023,23,Butler County,Butler,NE,Butler_NE,192.2,157000,5693
31025,25,Cass County,Cass,NE,Cass_NE,175.7,126500,5607
31027,27,Cedar County,Cedar,NE,Cedar_NE,204.2,191500,5182
31029,29,Chase County,Chase,NE,Chase_NE,157.6,175000,2085
31031,31,Cherry County,Cherry,NE,Cherry_NE,90.5,5000,933
31033,33,Cheyenne County,Cheyenne,NE,Cheyenne_NE,90.5,5000,1020
31035,35,Clay County,Clay,NE,Clay_NE,191.6,183500,4850
31037,37,Colfax County,Colfax,NE,Colfax_NE,201.4,114500,6194
31039,39,Cuming County,Cuming,NE,Cuming_NE,204.6,164000,6087
31041,41,Custer County,Custer,NE,Custer_NE,188.2,247000,2475
31043,43,Dakota County,Dakota,NE,Dakota_NE,90.5,5000,5656
31045,45,Dawes County,Dawes,NE,Dawes_NE,90.5,5000,889
31047,47,Dawson County,Dawson,NE,Dawson_NE,196.9,204500,3412
31049,49,Deuel County,Deuel,NE,Deuel_NE,109.7,52300,1305
31051,51,Dixon County,Dixon,NE,Dixon_NE,90.5,5000,4676
31053,53,Dodge County,Dodge,NE,Dodge_NE,198.2,139000,6412
31055,55,Douglas County,Douglas,NE,Douglas_NE,187.6,24300,7644
31057,57,Dundy County,Dundy,NE,Dundy_NE,90.5,5000,1530
31059,59,Fillmore County,Fillmore,NE,Fillmore_NE,206.5,197000,5448
31061,61,Franklin County,Franklin,NE,Franklin_NE,183.9,106000,3462
31063,63,Frontier County,Frontier,NE,Frontier_NE,148.7,124000,1879
31065,65,Furnas County,Furnas,NE,Furnas_NE,133.8,141500,2467
31067,67,Gage County,Gage,NE,Gage_NE,159.1,185000,4427
31069,69,Garden County,Garden,NE,Garden_NE,90.5,5000,866
31071,71,Garfield County,Garfield,NE,Garfield_NE,186.6,11100,1483
31073,73,Gosper County,Gosper,NE,Gosper_NE,90.5,5000,2812
31075,75,Grant County,Grant,NE,Grant_NE,90.5,5000,837
31077,77,Greeley County,Greeley,NE,Greeley_NE,191.8,82100,2965
31079,79,Hall County,Hall,NE,Hall_NE,180.4,188000,5083
31081,81,Hamilton County,Hamilton,NE,Hamilton_NE,214.9,209000,6341
31083,83,Harlan County,Harlan,NE,Harlan_NE,174.9,122000,2878
31085,85,Hayes County,Hayes,NE,Hayes_NE,125,88400,1415
31087,87,Hitchcock County,Hitchcock,NE,Hitchcock_NE,90.5,5000,1574
31089,89,Holt County,Holt,NE,Holt_NE,205.2,169500,2380
31091,91,Hooker County,Hooker,NE,Hooker_NE,90.5,5000,735
31093,93,Howard County,Howard,NE,Howard_NE,183.2,105000,3491
31095,95,Jefferson County,Jefferson,NE,Jefferson_NE,179.7,120000,4151
31097,97,Johnson County,Johnson,NE,Johnson_NE,136.1,65700,3631
31099,99,Kearney County,Kearney,NE,Kearney_NE,209.2,177000,5232
31101,101,Keith County,Keith,NE,Keith_NE,90.5,5000,1626
31103,103,Keya Paha County,KeyaPaha,NE,KeyaPaha_NE,202.9,18200,1416
31105,105,Kimball County,Kimball,NE,Kimball_NE,90.5,5000,1075
31107,107,Knox County,Knox,NE,Knox_NE,194.8,149500,3345
31109,109,Lancaster County,Lancaster,NE,Lancaster_NE,158.2,140000,5598
31111,111,Lincoln County,Lincoln,NE,Lincoln_NE,177.5,212500,1674
31113,113,Logan County,Logan,NE,Logan_NE,184.1,26300,1200
31115,115,Loup County,Loup,NE,Loup_NE,90.5,5000,1163
31117,117,McPherson County,McPherson,NE,McPherson_NE,90.5,5000,819
31119,119,Madison County,Madison,NE,Madison_NE,199.7,144000,5819
31121,121,Merrick County,Merrick,NE,Merrick_NE,174.8,113500,5074
31123,123,Morrill County,Morrill,NE,Morrill_NE,159.3,72000,1145
31125,125,Nance County,Nance,NE,Nance_NE,192.6,83200,4227
31127,127,Nemaha County,Nemaha,NE,Nemaha_NE,166.1,83700,4548
31129,129,Nuckolls County,Nuckolls,NE,Nuckolls_NE,188.2,134500,3588
31131,131,Otoe County,Otoe,NE,Otoe_NE,157.1,132500,4957
31133,133,Pawnee County,Pawnee,NE,Pawnee_NE,128.8,62100,3244
31135,135,Perkins County,Perkins,NE,Perkins_NE,123.8,261000,2140
31137,137,Phelps County,Phelps,NE,Phelps_NE,214.3,195000,5114
31139,139,Pierce County,Pierce,NE,Pierce_NE,196.6,142500,4872
31141,141,Platte County,Platte,NE,Platte_NE,211.1,206000,6328
31143,143,Polk County,Polk,NE,Polk_NE,90.5,5000,5911
31145,145,Red Willow County,RedWillow,NE,RedWillow_NE,155.9,120500,1947
31147,147,Richardson County,Richardson,NE,Richardson_NE,161.2,108500,4267
31149,149,Rock County,Rock,NE,Rock_NE,201.3,24200,1138
31151,151,Saline County,Saline,NE,Saline_NE,186.1,152000,4716
31153,153,Sarpy County,Sarpy,NE,Sarpy_NE,90.5,5000,7439
31155,155,Saunders County,Saunders,NE,Saunders_NE,197.3,184000,5641
31157,157,Scotts Bluff County,ScottsBluff,NE,ScottsBluff_NE,151.1,77700,2038
31159,159,Seward County,Seward,NE,Seward_NE,193.1,147000,5710
31161,161,Sheridan County,Sheridan,NE,Sheridan_NE,90.5,5000,970
31163,163,Sherman County,Sherman,NE,Sherman_NE,185.8,81000,2676
31165,165,Sioux County,Sioux,NE,Sioux_NE,172.2,15200,901
31167,167,Stanton County,Stanton,NE,Stanton_NE,197,101500,4991
31169,169,Thayer County,Thayer,NE,Thayer_NE,183.5,163500,3920
31171,171,Thomas County,Thomas,NE,Thomas_NE,90.5,5000,780
31173,173,Thurston County,Thurston,NE,Thurston_NE,195.5,102000,4827
31175,175,Valley County,Valley,NE,Valley_NE,173.8,72400,2878
31177,177,Washington County,Washington,NE,Washington_NE,175.5,80800,6519
31179,179,Wayne County,Wayne,NE,Wayne_NE,199,128000,5512
31181,181,Webster County,Webster,NE,Webster_NE,90.5,5000,2739
31183,183,Wheeler County,Wheeler,NE,Wheeler_NE,90.5,5000,1528
31185,185,York County,York,NE,York_NE,206.5,221000,6878
38001,1,Adams County,Adams,ND,Adams_ND,90.5,5000,1067
38003,3,Barnes County,Barnes,ND,Barnes_ND,90.5,5000,2311
38005,5,Benson County,Benson,ND,Benson_ND,90.5,5000,1368
38007,7,Billings County,Billings,ND,Billings_ND,102.4,1900,919
38009,9,Bottineau County,Bottineau,ND,Bottineau_ND,90.5,5000,1546
38011,11,Bowman County,Bowman,ND,Bowman_ND,90.5,5000,1028
38013,13,Burke County,Burke,ND,Burke_ND,90.5,5000,1054
38015,15,Burleigh County,Burleigh,ND,Burleigh_ND,132,89500,1900
38017,17,Cass County,Cass,ND,Cass_ND,160.1,296000,3718
38019,19,Cavalier County,Cavalier,ND,Cavalier_ND,119.4,7600,2080
38021,21,Dickey County,Dickey,ND,Dickey_ND,90.5,5000,2375
38023,23,Divide County,Divide,ND,Divide_ND,90.5,5000,1069
38025,25,Dunn County,Dunn,ND,Dunn_ND,90.5,5000,1147
38027,27,Eddy County,Eddy,ND,Eddy_ND,90.5,5000,1455
38029,29,Emmons County,Emmons,ND,Emmons_ND,90.5,5000,1585
38031,31,Foster County,Foster,ND,Foster_ND,145.4,75800,2008
38033,33,Golden Valley County,GoldenValley,ND,GoldenValley_ND,90.5,5000,1052
38035,35,Grand Forks County,GrandForks,ND,GrandForks_ND,159.1,132000,3411
38037,37,Grant County,Grant,ND,Grant_ND,90.5,5000,1071
38039,39,Griggs County,Griggs,ND,Griggs_ND,90.5,5000,1777
38041,41,Hettinger County,Hettinger,ND,Hettinger_ND,97.2,31600,1405
38043,43,Kidder County,Kidder,ND,Kidder_ND,141.6,42300,1258
38045,45,LaMoure County,LaMoure,ND,LaMoure_ND,151.8,139500,2539
38047,47,Logan County,Logan,ND,Logan_ND,90.5,5000,1191
38049,49,McHenry County,McHenry,ND,McHenry_ND,90.5,5000,1089
38051,51,McIntosh County,McIntosh,ND,McIntosh_ND,90.5,5000,1364
38053,53,McKenzie County,McKenzie,ND,McKenzie_ND,103.9,6800,1026
38055,55,McLean County,McLean,ND,McLean_ND,138.8,81300,1785
38057,57,Mercer County,Mercer,ND,Mercer_ND,90.5,5000,1368
38059,59,Morton County,Morton,ND,Morton_ND,90.5,5000,1404
38061,61,Mountrail County,Mountrail,ND,Mountrail_ND,116.5,5600,1278
38063,63,Nelson County,Nelson,ND,Nelson_ND,90.5,5000,1360
38065,65,Oliver County,Oliver,ND,Oliver_ND,90.5,5000,1443
38067,67,Pembina County,Pembina,ND,Pembina_ND,90.5,5000,2757
38069,69,Pierce County,Pierce,ND,Pierce_ND,90.5,5000,1409
38071,71,Ramsey County,Ramsey,ND,Ramsey_ND,90.5,5000,1809
38073,73,Ransom County,Ransom,ND,Ransom_ND,90.5,5000,2012
38075,75,Renville County,Renville,ND,Renville_ND,90.5,5000,1605
38077,77,Richland County,Richland,ND,Richland_ND,164.7,281500,3189
38079,79,Rolette County,Rolette,ND,Rolette_ND,100.2,11400,1280
38081,81,Sargent County,Sargent,ND,Sargent_ND,168.2,115500,2787
38083,83,Sheridan County,Sheridan,ND,Sheridan_ND,113.7,25300,1098
38085,85,Sioux County,Sioux,ND,Sioux_ND,90.5,5000,1243
38087,87,Slope County,Slope,ND,Slope_ND,90.6,14600,1057
38089,89,Stark County,Stark,ND,Stark_ND,90.5,5000,1331
38091,91,Steele County,Steele,ND,Steele_ND,149.4,91400,2197
38093,93,Stutsman County,Stutsman,ND,Stutsman_ND,137.2,233500,2005
38095,95,Towner County,Towner,ND,Towner_ND,90.5,5000,1385
38097,97,Traill County,Traill,ND,Traill_ND,146.6,110000,3084
38099,99,Walsh County,Walsh,ND,Walsh_ND,90.5,5000,2513
38101,101,Ward County,Ward,ND,Ward_ND,99.1,41000,1633
38103,103,Wells County,Wells,ND,Wells_ND,90.5,5000,1711
38105,105,Williams County,Williams,ND,Williams_ND,90.5,5000,1096
39001,1,Adams County,Adams,OH,Adams_OH,158.1,16500,3882
39003,3,Allen County,Allen,OH,Allen_OH,90.5,5000,7256
39005,5,Ashland County,Ashland,OH,Ashland_OH,145.7,40000,6075
39007,7,Ashtabula County,Ashtabula,OH,Ashtabula_OH,170.4,19000,4373
39009,9,Athens County,Athens,OH,Athens_OH,164,2900,3213
39011,11,Auglaize County,Auglaize,OH,Auglaize_OH,160.9,51000,8141
39013,13,Belmont County,Belmont,OH,Belmont_OH,100,700,3829
39015,15,Brown County,Brown,OH,Brown_OH,176.2,22200,4408
39017,17,Butler County,Butler,OH,Butler_OH,90.5,5000,8255
39019,19,Carroll County,Carroll,OH,Carroll_OH,100,11000,4710
39021,21,Champaign County,Champaign,OH,Champaign_OH,148.1,82000,7170
39023,23,Clark County,Clark,OH,Clark_OH,154.4,60000,7542
39025,25,Clermont County,Clermont,OH,Clermont_OH,170.4,14000,5605
39027,27,Clinton County,Clinton,OH,Clinton_OH,185.5,74000,5958
39029,29,Columbiana County,Columbiana,OH,Columbiana_OH,133.7,25000,5769
39031,31,Coshocton County,Coshocton,OH,Coshocton_OH,147.4,27000,5279
39033,33,Crawford County,Crawford,OH,Crawford_OH,178.9,68000,6446
39035,35,Cuyahoga County,Cuyahoga,OH,Cuyahoga_OH,90.5,5000,16314
39037,37,Darke County,Darke,OH,Darke_OH,160.6,118000,8319
39039,39,Defiance County,Defiance,OH,Defiance_OH,160,12000,5736
39041,41,Delaware County,Delaware,OH,Delaware_OH,135.5,32000,7824
39043,43,Erie County,Erie,OH,Erie_OH,175.6,22000,6544
39045,45,Fairfield County,Fairfield,OH,Fairfield_OH,173.4,65000,7702
39047,47,Fayette County,Fayette,OH,Fayette_OH,167.7,84000,7142
39049,49,Franklin County,Franklin,OH,Franklin_OH,154.8,16000,8041
39051,51,Fulton County,Fulton,OH,Fulton_OH,176.6,37000,6985
39053,53,Gallia County,Gallia,OH,Gallia_OH,150,3600,3143
39055,55,Geauga County,Geauga,OH,Geauga_OH,90.5,5000,7245
39057,57,Greene County,Greene,OH,Greene_OH,178.8,61000,7140
39059,59,Guernsey County,Guernsey,OH,Guernsey_OH,136.7,4000,3722
39061,61,Hamilton County,Hamilton,OH,Hamilton_OH,90.5,5000,13293
39063,63,Hancock County,Hancock,OH,Hancock_OH,90.5,5000,6042
39065,65,Hardin County,Hardin,OH,Hardin_OH,138.1,48000,5888
39067,67,Harrison County,Harrison,OH,Harrison_OH,150,4000,3310
39069,69,Henry County,Henry,OH,Henry_OH,90.5,5000,6550
39071,71,Highland County,Highland,OH,Highland_OH,173.8,39300,5021
39073,73,Hocking County,Hocking,OH,Hocking_OH,90.5,5000,4527
39075,75,Holmes County,Holmes,OH,Holmes_OH,146.5,21000,7741
39077,77,Huron County,Huron,OH,Huron_OH,90.5,5000,6083
39079,79,Jackson County,Jackson,OH,Jackson_OH,140.7,3000,2814
39081,81,Jefferson County,Jefferson,OH,Jefferson_OH,155,2300,5464
39083,83,Knox County,Knox,OH,Knox_OH,165.4,54000,6047
39085,85,Lake County,Lake,OH,Lake_OH,90.5,5000,8162
39087,87,Lawrence County,Lawrence,OH,Lawrence_OH,127.3,1400,3287
39089,89,Licking County,Licking,OH,Licking_OH,90.5,5000,6616
39091,91,Logan County,Logan,OH,Logan_OH,131.9,49000,6051
39093,93,Lorain County,Lorain,OH,Lorain_OH,90.5,5000,7484
39095,95,Lucas County,Lucas,OH,Lucas_OH,182.6,12000,8277
39097,97,Madison County,Madison,OH,Madison_OH,166.3,97000,6934
39099,99,Mahoning County,Mahoning,OH,Mahoning_OH,134.8,15000,6626
39101,101,Marion County,Marion,OH,Marion_OH,164.4,55000,5838
39103,103,Medina County,Medina,OH,Medina_OH,172.6,14000,7833
39105,105,Meigs County,Meigs,OH,Meigs_OH,143.5,2700,3467
39107,107,Mercer County,Mercer,OH,Mercer_OH,176.7,84000,9673
39109,109,Miami County,Miami,OH,Miami_OH,151.6,66000,7421
39111,111,Monroe County,Monroe,OH,Monroe_OH,90.5,5000,3268
39113,113,Montgomery County,Montgomery,OH,Montgomery_OH,167.2,34000,7214
39115,115,Morgan County,Morgan,OH,Morgan_OH,128.6,4500,3458
39117,117,Morrow County,Morrow,OH,Morrow_OH,90.5,5000,6002
39119,119,Muskingum County,Muskingum,OH,Muskingum_OH,179.4,19400,4101
39121,121,Noble County,Noble,OH,Noble_OH,137.5,600,3078
39123,123,Ottawa County,Ottawa,OH,Ottawa_OH,90.5,5000,5409
39125,125,Paulding County,Paulding,OH,Paulding_OH,90.5,5000,6260
39127,127,Perry County,Perry,OH,Perry_OH,90.5,5000,4574
39129,129,Pickaway County,Pickaway,OH,Pickaway_OH,162.9,92000,6033
39131,131,Pike County,Pike,OH,Pike_OH,148.1,14500,4156
39133,133,Portage County,Portage,OH,Portage_OH,145.8,13500,6511
39135,135,Preble County,Preble,OH,Preble_OH,179.6,79000,6397
39137,137,Putnam County,Putnam,OH,Putnam_OH,169.5,44000,6694
39139,139,Richland County,Richland,OH,Richland_OH,163,37000,7505
39141,141,Ross County,Ross,OH,Ross_OH,174.5,50000,4583
39143,143,Sandusky County,Sandusky,OH,Sandusky_OH,180.6,51000,5926
39145,145,Scioto County,Scioto,OH,Scioto_OH,157.8,9500,3138
39147,147,Seneca County,Seneca,OH,Seneca_OH,167.4,48000,5889
39149,149,Shelby County,Shelby,OH,Shelby_OH,159,67000,7688
39151,151,Stark County,Stark,OH,Stark_OH,154,30500,9244
39153,153,Summit County,Summit,OH,Summit_OH,90.5,5000,13365
39155,155,Trumbull County,Trumbull,OH,Trumbull_OH,163.3,17500,4331
39157,157,Tuscarawas County,Tuscarawas,OH,Tuscarawas_OH,152.4,22000,5555
39159,159,Union County,Union,OH,Union_OH,148.4,49000,6350
39161,161,Van Wert County,VanWert,OH,VanWert_OH,181.3,53000,7494
39163,163,Vinton County,Vinton,OH,Vinton_OH,90.5,5000,3166
39165,165,Warren County,Warren,OH,Warren_OH,167.4,22000,7824
39167,167,Washington County,Washington,OH,Washington_OH,169.7,9700,3189
39169,169,Wayne County,Wayne,OH,Wayne_OH,156.6,60800,8940
39171,171,Williams County,Williams,OH,Williams_OH,156.3,17000,5161
39173,173,Wood County,Wood,OH,Wood_OH,90.5,5000,6659
39175,175,Wyandot County,Wyandot,OH,Wyandot_OH,163.2,45500,5706
46003,3,Aurora County,Aurora,SD,Aurora_SD,133.9,64700,2654
46005,5,Beadle County,Beadle,SD,Beadle_SD,90.5,5000,2693
46007,7,Bennett County,Bennett,SD,Bennett_SD,90.5,5000,952
46009,9,Bon Homme County,BonHomme,SD,BonHomme_SD,160.6,49400,3984
46011,11,Brookings County,Brookings,SD,Brookings_SD,90.5,5000,4602
46013,13,Brown County,Brown,SD,Brown_SD,164.2,293500,3362
46015,15,Brule County,Brule,SD,Brule_SD,147.6,73100,2578
46017,17,Buffalo County,Buffalo,SD,Buffalo_SD,133.5,25700,1545
46019,19,Butte County,Butte,SD,Butte_SD,90.5,5000,959
46021,21,Campbell County,Campbell,SD,Campbell_SD,90.5,5000,1831
46023,23,Charles Mix County,CharlesMix,SD,CharlesMix_SD,148.7,86700,2788
46025,25,Clark County,Clark,SD,Clark_SD,90.5,5000,3150
46027,27,Clay County,Clay,SD,Clay_SD,90.5,5000,4702
46029,29,Codington County,Codington,SD,Codington_SD,90.5,5000,3467
46031,31,Corson County,Corson,SD,Corson_SD,90.5,5000,919
46033,33,Custer County,Custer,SD,Custer_SD,90.5,5000,1596
46035,35,Davison County,Davison,SD,Davison_SD,90.5,5000,3398
46037,37,Day County,Day,SD,Day_SD,90.5,5000,2645
46039,39,Deuel County,Deuel,SD,Deuel_SD,144,78100,3448
46041,41,Dewey County,Dewey,SD,Dewey_SD,90.5,5000,970
46043,43,Douglas County,Douglas,SD,Douglas_SD,149,30200,3721
46045,45,Edmunds County,Edmunds,SD,Edmunds_SD,133.4,147500,2460
46047,47,Fall River County,FallRiver,SD,FallRiver_SD,90.5,5000,716
46049,49,Faulk County,Faulk,SD,Faulk_SD,90.5,5000,2547
46051,51,Grant County,Grant,SD,Grant_SD,146.3,96600,3729
46053,53,Gregory County,Gregory,SD,Gregory_SD,90.5,5000,1879
46055,55,Haakon County,Haakon,SD,Haakon_SD,90.5,5000,923
46057,57,Hamlin County,Hamlin,SD,Hamlin_SD,90.5,5000,3926
46059,59,Hand County,Hand,SD,Hand_SD,142.2,118500,2056
46061,61,Hanson County,Hanson,SD,Hanson_SD,90.5,5000,4322
46063,63,Harding County,Harding,SD,Harding_SD,90.5,5000,665
46065,65,Hughes County,Hughes,SD,Hughes_SD,90.5,5000,1891
46067,67,Hutchinson County,Hutchinson,SD,Hutchinson_SD,90.5,5000,4495
46069,69,Hyde County,Hyde,SD,Hyde_SD,90.5,5000,1527
46071,71,Jackson County,Jackson,SD,Jackson_SD,90.5,5000,875
46073,73,Jerauld County,Jerauld,SD,Jerauld_SD,142.6,38900,2391
46075,75,Jones County,Jones,SD,Jones_SD,90.5,5000,1143
46077,77,Kingsbury County,Kingsbury,SD,Kingsbury_SD,90.5,5000,3810
46079,79,Lake County,Lake,SD,Lake_SD,145.5,75000,5121
46081,81,Lawrence County,Lawrence,SD,Lawrence_SD,90.5,5000,1789
46083,83,Lincoln County,Lincoln,SD,Lincoln_SD,163.8,95700,6906
46085,85,Lyman County,Lyman,SD,Lyman_SD,131,45200,1651
46087,87,McCook County,McCook,SD,McCook_SD,129.3,42700,4367
46089,89,McPherson County,McPherson,SD,McPherson_SD,147.1,75000,2154
46091,91,Marshall County,Marshall,SD,Marshall_SD,90.5,5000,2814
46093,93,Meade County,Meade,SD,Meade_SD,90.5,5000,951
46095,95,Mellette County,Mellette,SD,Mellette_SD,90.5,5000,965
46097,97,Miner County,Miner,SD,Miner_SD,90.5,5000,3533
46099,99,Minnehaha County,Minnehaha,SD,Minnehaha_SD,161.1,119500,6449
46101,101,Moody County,Moody,SD,Moody_SD,90.5,5000,5820
46102,102,Oglala Lakota County,OglalaLakota,SD,OglalaLakota_SD,90.5,5000,674
46103,103,Pennington County,Pennington,SD,Pennington_SD,90.5,5000,1058
46105,105,Perkins County,Perkins,SD,Perkins_SD,90.5,5000,831
46107,107,Potter County,Potter,SD,Potter_SD,90.5,5000,2114
46109,109,Roberts County,Roberts,SD,Roberts_SD,90.5,5000,3007
46111,111,Sanborn County,Sanborn,SD,Sanborn_SD,90.5,5000,2857
46115,115,Spink County,Spink,SD,Spink_SD,152.9,207000,3132
46117,117,Stanley County,Stanley,SD,Stanley_SD,90.5,5000,921
46119,119,Sully County,Sully,SD,Sully_SD,90.5,5000,2154
46121,121,Todd County,Todd,SD,Todd_SD,90.5,5000,850
46123,123,Tripp County,Tripp,SD,Tripp_SD,119.1,75000,1620
46125,125,Turner County,Turner,SD,Turner_SD,161.1,78300,5019
46127,127,Union County,Union,SD,Union_SD,178.7,107000,5875
46129,129,Walworth County,Walworth,SD,Walworth_SD,90.5,5000,1980
46135,135,Yankton County,Yankton,SD,Yankton_SD,170,64800,4422
46137,137,Ziebach County,Ziebach,SD,Ziebach_SD,97.5,18100,855
55001,1,Adams County,Adams,WI,Adams_WI,122.4,28000,4489
55003,3,Ashland County,Ashland,WI,Ashland_WI,90.5,5000,2234
55005,5,Barron County,Barron,WI,Barron_WI,134.7,91300,3419
55007,7,Bayfield County,Bayfield,WI,Bayfield_WI,90.5,5000,2191
55009,9,Brown County,Brown,WI,Brown_WI,90.5,5000,8495
55011,11,Buffalo County,Buffalo,WI,Buffalo_WI,158.7,69800,3940
55013,13,Burnett County,Burnett,WI,Burnett_WI,121.1,12100,2723
55015,15,Calumet County,Calumet,WI,Calumet_WI,90.5,5000,7874
55017,17,Chippewa County,Chippewa,WI,Chippewa_WI,153.8,88700,3559
55019,19,Clark County,Clark,WI,Clark_WI,123.1,75800,4058
55021,21,Columbia County,Columbia,WI,Columbia_WI,169,129500,5828
55023,23,Crawford County,Crawford,WI,Crawford_WI,161.2,35700,3180
55025,25,Dane County,Dane,WI,Dane_WI,180.9,181000,8239
55027,27,Dodge County,Dodge,WI,Dodge_WI,173.1,137000,5844
55029,29,Door County,Door,WI,Door_WI,134,25400,4757
55031,31,Douglas County,Douglas,WI,Douglas_WI,90.5,5000,1961
55033,33,Dunn County,Dunn,WI,Dunn_WI,179.2,102500,3601
55035,35,Eau Claire County,EauClaire,WI,EauClaire_WI,163.8,43800,4567
55037,37,Florence County,Florence,WI,Florence_WI,90.5,5000,2527
55039,39,Fond du Lac County,FondduLac,WI,FondduLac_WI,185.8,102500,7275
55041,41,Forest County,Forest,WI,Forest_WI,90.5,5000,2426
55043,43,Grant County,Grant,WI,Grant_WI,198.3,166500,4717
55045,45,Green County,Green,WI,Green_WI,189.2,115000,5427
55047,47,Green Lake County,GreenLake,WI,GreenLake_WI,187,51700,5720
55049,49,Iowa County,Iowa,WI,Iowa_WI,192.4,79900,4864
55051,51,Iron County,Iron,WI,Iron_WI,90.5,5000,3401
55053,53,Jackson County,Jackson,WI,Jackson_WI,162.5,49400,3800
55055,55,Jefferson County,Jefferson,WI,Jefferson_WI,176.7,79000,6154
55057,57,Juneau County,Juneau,WI,Juneau_WI,152.3,39600,3704
55059,59,Kenosha County,Kenosha,WI,Kenosha_WI,90.5,5000,7575
55061,61,Kewaunee County,Kewaunee,WI,Kewaunee_WI,90.5,5000,5620
55063,63,La Crosse County,LaCrosse,WI,LaCrosse_WI,173.4,33500,4987
55065,65,Lafayette County,Lafayette,WI,Lafayette_WI,196.6,139500,5977
55067,67,Langlade County,Langlade,WI,Langlade_WI,90.5,5000,3272
55069,69,Lincoln County,Lincoln,WI,Lincoln_WI,90.5,5000,3241
55071,71,Manitowoc County,Manitowoc,WI,Manitowoc_WI,165,69900,6824
55073,73,Marathon County,Marathon,WI,Marathon_WI,90.5,5000,4751
55075,75,Marinette County,Marinette,WI,Marinette_WI,128.5,37100,3877
55077,77,Marquette County,Marquette,WI,Marquette_WI,139.7,35900,4176
55078,78,Menominee County,Menominee,WI,Menominee_WI,90.5,5000,1736
55079,79,Milwaukee County,Milwaukee,WI,Milwaukee_WI,90.5,5000,8928
55081,81,Monroe County,Monroe,WI,Monroe_WI,158.6,60200,3967
55083,83,Oconto County,Oconto,WI,Oconto_WI,120.3,51800,4166
55085,85,Oneida County,Oneida,WI,Oneida_WI,90.5,5000,4065
55087,87,Outagamie County,Outagamie,WI,Outagamie_WI,129,67900,7207
55089,89,Ozaukee County,Ozaukee,WI,Ozaukee_WI,156.4,15300,6554
55091,91,Pepin County,Pepin,WI,Pepin_WI,176.1,30100,3874
55093,93,Pierce County,Pierce,WI,Pierce_WI,175.5,85200,4620
55095,95,Polk County,Polk,WI,Polk_WI,150.2,68100,3537
55097,97,Portage County,Portage,WI,Portage_WI,172.6,50500,4100
55099,99,Price County,Price,WI,Price_WI,127,4400,2459
55101,101,Racine County,Racine,WI,Racine_WI,161.8,18000,7682
55103,103,Richland County,Richland,WI,Richland_WI,153.6,45500,3356
55105,105,Rock County,Rock,WI,Rock_WI,199.7,152500,6589
55107,107,Rusk County,Rusk,WI,Rusk_WI,112.5,24200,2485
55109,109,St. Croix County,St.Croix,WI,St.Croix_WI,181,98200,4688
55111,111,Sauk County,Sauk,WI,Sauk_WI,154.4,85800,4207
55113,113,Sawyer County,Sawyer,WI,Sawyer_WI,90.5,5000,2593
55115,115,Shawano County,Shawano,WI,Shawano_WI,132.7,74500,4662
55117,117,Sheboygan County,Sheboygan,WI,Sheboygan_WI,185.4,43400,6594
55119,119,Taylor County,Taylor,WI,Taylor_WI,90.5,5000,2935
55121,121,Trempealeau County,Trempealeau,WI,Trempealeau_WI,160.2,90300,3958
55123,123,Vernon County,Vernon,WI,Vernon_WI,157.2,60100,3884
55125,125,Vilas County,Vilas,WI,Vilas_WI,90.5,5000,5913
55127,127,Walworth County,Walworth,WI,Walworth_WI,176.7,91500,6933
55129,129,Washburn County,Washburn,WI,Washburn_WI,157,11800,3128
55131,131,Washington County,Washington,WI,Washington_WI,168.7,29300,7053
55133,133,Waukesha County,Waukesha,WI,Waukesha_WI,169.8,16100,5507
55135,135,Waupaca County,Waupaca,WI,Waupaca_WI,140.4,54200,4516
55137,137,Waushara County,Waushara,WI,Waushara_WI,174,32200,4231
55139,139,Winnebago County,Winnebago,WI,Winnebago_WI,141.9,40000,6971
55141,141,Wood County,Wood,WI,Wood_WI,142.7,30400,3311
